Brand,Name,Boarding_time,Km,Discharge,New_price,Sec_price
宝马,宝马3系(进口) 2012款 四门轿车 318i 2.0L A/MT,2011年12月,4.70万公里,国4,37.77万,13.8
宝马,宝马3系(进口) 2012款 四门轿车 318i 2.0L A/MT,2012年12月,8.00万公里,国4,37.77万,14.8
宝马,宝马3系(进口) 2012款 四门轿车 318i 2.0L A/MT,2011年12月,7.00万公里,国4,37.77万,13.6
本田,CR-V 2007款 i-VTEC 2.0L 自动四驱,2008年12月,13.00万公里,国3,25.05万,8.58
本田,雅阁 2008款 EX 2.0L 自动标准版,2009年1月,9.00万公里,国4,21.69万,8.58
本田,CR-V 2006款 i-VTEC 2.0L 自动四驱,2006年5月,14.00万公里,国3,25.05万,4.68
本田,雅阁 2004款 2.0L AT 标准型,2004年2月,11.60万公里,国2,24.94万,3.12
本田,雅阁 2007款 2.0L 自动标准版,2006年6月,9.40万公里,国4,22.77万,3.58
本田,雅阁 2008款 EX 2.0L 自动标准版,2008年1月,11.00万公里,国4,21.69万,6.18
本田,雅阁 2007款 2.0L 自动标准版,2006年6月,9.60万公里,国4,22.77万,3.58
本田,雅阁 2008款 EX 2.0L 自动标准版,2009年8月,5.30万公里,国4,21.69万,9
本田,雅阁 2004款 2.0L AT 标准型,2004年8月,12.00万公里,国2,24.94万,3.25
本田,雅阁 2016款 2.0L CVT 精英版,2016年5月,1.30万公里,国5,20.60万,14.9
本田,雅阁 2007款 2.0L 自动标准版,2006年6月,11.00万公里,国4,22.77万,3.68
本田,CR-V 2006款 i-VTEC 2.0L 自动四驱,2006年1月,11.00万公里,国3,25.05万,4.98
本田,CR-V 2013款 2.0L 两驱 经典版,2013年9月,4.00万公里,国4,22.56万,15.5
本田,雅阁 2015款 2.0L LX 舒适版,2017年4月,百公里内,国5,19.52万,16.15
本田,雅阁 2007款 2.0L 手动普通版,2006年6月,15.00万公里,国4,21.69万,3.28
本田,雅阁 2007款 2.0L 自动标准版,2006年6月,15.00万公里,国4,22.77万,3.58
本田,CR-V 2013款 2.0L 两驱 经典版,2013年8月,6.00万公里,国4,22.56万,13.8
本田,雅阁 2015款 2.0L LXS 精英版,2016年10月,1.52万公里,国5,20.60万,14.96
本田,雅阁 2016款 2.0L CVT 舒适版,2017年7月,0.05万公里,国5,19.52万,15.6
本田,雅阁 2010款 2.0L 自动庆典版,2009年8月,9.00万公里,国4,21.69万,8.58
本田,雅阁 2008款 EX 2.0L 自动标准版,2009年11月,9.00万公里,国4,21.69万,7.7
本田,CR-V 2012款 2.0L 两驱 都市版,2014年10月,10.30万公里,国4,21.04万,13.4
本田,CR-V 2015款 2.0L 两驱 都市版,2016年4月,4.77万公里,国5,20.60万,15.5
本田,CR-V 2015款 2.0L 两驱 都市版,2016年4月,4.77万公里,国5,20.60万,15.5
本田,CR-V 2005款 i-VTEC 2.0L 自动四驱,2005年11月,10.00万公里,国2,26.03万,3.7
本田,CR-V 2015款 2.0L 两驱 经典版,2015年6月,2.53万公里,国5,19.52万,14.62
本田,雅阁 2004款 2.0L AT 标准型,2004年12月,18.00万公里,国2,24.94万,3.18
本田,CR-V 2016款 2.0L 两驱 都市版,2017年3月,1.02万公里,国5,20.60万,14.8
别克,君威 2014款 2.0L 自动 精英时尚型,2014年11月,3.70万公里,国5,21.05万,12.3
别克,君威 2011款 2.0L 舒适版,2011年6月,6.80万公里,国4,20.07万,8.18
别克,君威 2011款 2.0L 精英版,2011年8月,4.89万公里,国4,22.13万,7.68
别克,君威 2014款 2.0L 自动 精英时尚型,2014年6月,3.00万公里,国5,21.05万,10.49
别克,君威 2011款 2.0L 精英版,2011年3月,3.60万公里,国4,22.13万,8.2
别克,君威 2012款 2.0L 自动 舒适版,2012年7月,11.00万公里,国4,20.18万,9.5
别克,君威 2011款 2.0L 精英版,2011年5月,6.00万公里,国4,22.13万,8.2
别克,君威 2014款 2.0L 自动 精英时尚型,2015年3月,2.12万公里,国5,21.05万,12.9
别克,君威 2011款 2.0L 精英版,2011年6月,6.30万公里,国4,22.13万,8.3
别克,君威 2014款 2.0L 自动 精英时尚型,2015年3月,2.12万公里,国5,21.05万,12.9
别克,君威 2014款 2.0L 自动 领先时尚型,2016年6月,1.60万公里,国5,19.42万,12.8
别克,君威 2012款 2.0L 自动 豪华版,2012年7月,4.20万公里,国4,22.13万,8.8
别克,君威 2012款 2.0L 自动 舒适版,2013年8月,3.51万公里,国4,20.18万,8.9
别克,君威 2012款 2.0L 自动 舒适版,2012年9月,5.30万公里,国4,20.18万,8.5
别克,君威 2012款 2.0L 自动 豪华版,2012年4月,5.60万公里,国4,22.13万,9.1
别克,君威 2014款 2.0L 自动 精英时尚型,2015年2月,5.40万公里,国5,21.05万,13
别克,君威 2011款 2.0L 精英版,2011年10月,6.31万公里,国4,22.13万,8.08
别克,君威 2011款 2.0L 精英版,2011年6月,4.20万公里,国4,22.13万,8.15
别克,君威 2012款 2.0L 自动 舒适版,2012年9月,8.80万公里,国4,20.18万,9.5
别克,君威 2012款 2.0L 自动 舒适版,2012年12月,8.70万公里,国4,20.18万,9.8
别克,君威 2012款 2.0L 自动 豪华版,2012年8月,9.40万公里,国4,22.13万,8.6
别克,君威 2012款 2.0L 自动 舒适版,2013年3月,4.00万公里,国4,20.18万,9.78
别克,君威 2012款 2.0L 自动 舒适版,2012年6月,9.50万公里,国4,20.18万,8.6
别克,君威 2011款 2.0L 舒适版,2012年3月,10.25万公里,国4,20.07万,8.18
别克,君威 2014款 2.0L 自动 领先时尚型,2016年6月,3.02万公里,国5,19.42万,11.88
别克,君威 2012款 2.0L 自动 舒适版,2013年3月,6.70万公里,国4,20.18万,9.3
别克,君威 2012款 2.0L 自动 豪华版,2012年11月,8.00万公里,国4,22.13万,9.8
别克,君威 2012款 2.0L 自动 豪华版,2012年8月,4.20万公里,国4,22.13万,9.2
别克,君威 2012款 2.0L 自动 豪华版,2012年11月,8.38万公里,国4,22.13万,9.58
别克,君威 2014款 2.0L 自动 领先时尚型,2016年6月,3.02万公里,国5,19.42万,11.68
比亚迪,比亚迪S6 2013款 2.0L 手动 精英型 劲悦版,2013年5月,3.20万公里,国4,9.76万,4.98
比亚迪,比亚迪G6 2013款 2.0L 手动 尊贵型,2013年2月,4.62万公里,国4,9.64万,5.2
比亚迪,比亚迪S6 2013款 2.0L 手动 精英型 劲悦版,2013年5月,3.20万公里,国4,9.76万,4.98
比亚迪,比亚迪S6 2012款 2.0L 手动 豪华型,2012年7月,7.00万公里,国4,9.76万,4.58
比亚迪,比亚迪S6 2011款 2.0L 手动 豪华型,2011年11月,7.80万公里,国4,9.76万,5.5
比亚迪,比亚迪S6 2013款 2.0L 手动 豪华型 白金版,2013年4月,7.38万公里,国4,8.67万,3
比亚迪,比亚迪S6 2012款 2.0L 手动 豪华型,2012年7月,7.20万公里,国4,9.76万,4.64
比亚迪,比亚迪F6 2009款 新财富版 2.0L舒适型 GL―i,2009年5月,13.80万公里,国4,9.75万,2
比亚迪,比亚迪G6 2012款 2.0L 手动 尊贵型,2012年4月,18.28万公里,国4,9.64万,3.5
比亚迪,比亚迪G6 2013款 2.0L 手动 尊贵型,2013年2月,4.62万公里,国4,9.64万,5.2
比亚迪,比亚迪S6 2014款 2.0L 手动 豪华型,2015年3月,2.92万公里,国4,8.67万,5
比亚迪,比亚迪S6 2013款 2.0L 手动 精英型 劲悦版,2014年12月,5.50万公里,国4,9.76万,5.38
标致,标致3008 2013款 2.0L 自动 潮流版,2014年10月,5.40万公里,国4,20.27万,10.98
标致,标致408 2011款 2.0L 自动 舒适版,2011年9月,6.95万公里,国4,15.40万,5
标致,标致408 2010款 2.0L 自动舒适版,2010年4月,7.32万公里,国4,15.40万,4.88
标致,标致408 2010款 2.0L 自动豪华版,2010年8月,8.00万公里,国4,16.92万,5.88
标致,标致307 2007款 三厢 2.0L自动舒适象牙内饰版,2008年11月,6.00万公里,国3,14.96万,2.8
标致,标致508 2013款 2.0L 自动 智享版 两周年纪念版,2013年6月,6.10万公里,国5,22.22万,9.3
标致,标致3008 2013款 2.0L 自动 潮流版,2014年10月,6.50万公里,国4,20.27万,12.68
标致,标致408 2013款 2.0L 自动 舒适版,2014年6月,9.00万公里,国4,15.62万,7.3
标致,标致408 2010款 2.0L 自动舒适版,2010年12月,6.60万公里,国4,15.40万,4.98
标致,标致3008 2013款 2.0L 自动 潮流版,2014年10月,5.40万公里,国4,20.27万,10.98
标致,标致408 2010款 2.0L 自动豪华版,2011年7月,7.10万公里,国4,16.92万,5.68
标致,标致3008 2015款 2.0L 自动 潮流版,2016年5月,4.50万公里,国5,20.27万,12.5
标致,标致408 2012款 2.0L 自动 豪华版 罗兰加洛斯版,2012年1月,9.00万公里,国4,17.36万,7.38
标致,标致307 2007款 三厢 2.0L自动尊享钛金内饰版,2008年12月,7.90万公里,国3,18.00万,2.4
标致,标致3008 2013款 2.0L 自动 潮流版,2014年10月,5.41万公里,国4,20.27万,10.78
标致,标致408 2011款 2.0L 自动 舒适版,2013年2月,9.00万公里,国4,15.40万,6
标致,标致408 2011款 2.0L 自动 舒适版,2011年9月,6.95万公里,国4,15.40万,5
标致,标致408 2011款 2.0L 自动 舒适版,2013年9月,8.80万公里,国4,15.40万,6.5
标致,标致408 2013款 2.0L 自动 豪华版,2013年1月,5.84万公里,国4,17.14万,6.5
标致,标致3008 2013款 2.0L 自动 潮流版,2014年11月,4.80万公里,国4,20.27万,11.1
奔腾,奔腾B70 2014款 2.0L 手动 豪华型,2015年8月,3.29万公里,国5,11.92万,7.5
北汽制造,BJ 212 2016款 2.0L 方门 四驱豪华型 国5,2016年2月,2.00万公里,国5,7.42万,4.88
长安,长安CS75 2014款 2.0L 手动 豪华型 国V,2015年7月,3.50万公里,国5,12.90万,8
长安,长安CS75 2014款 2.0L 手动 领先型 国IV,2015年11月,2.20万公里,国4,13.66万,9.8
长安,长安CS75 2016款 2.0L 手动 豪华型 国V,2016年8月,2.80万公里,国5,10.72万,8
长安,长安CS75 2016款 2.0L 手动 豪华型 国V,2016年8月,2.80万公里,国5,10.72万,8
大众,夏朗 2012款 2.0L TSI 舒适型,2013年5月,4.80万公里,国4,39.55万,19.38
大众,帕萨特 2003款 2.0L自动标准型,2004年9月,16.00万公里,--,21.25万,1.88
大众,朗逸 2009款 2.0L 手动品悠版,2009年10月,7.00万公里,国4,12.68万,4.88
大众,帕萨特 2008款 2.0L自动经典型,2009年3月,8.00万公里,国3,16.61万,4.8
大众,帕萨特 2009款 领驭 2.0L MFI 自动尊享型,2010年1月,6.80万公里,国4,19.52万,7.6
大众,朗逸 2009款 2.0L 自动品雅版,2009年9月,9.07万公里,国4,15.07万,5.68
大众,途安 2008款 2.0L智享版 自动挡5座,2010年1月,10.90万公里,国4,17.56万,5.4
大众,朗逸 2011款 2.0L 自动品悠版,2011年6月,7.92万公里,国4,13.98万,5.68
大众,高尔夫 2012款 GTI 2.0L 双离合 舒适版,2013年6月,5.30万公里,国4,25.60万,14.98
大众,帕萨特 2006款 领驭 2.0L MFI手动标准型,2006年12月,8.00万公里,国3,19.95万,3.3
大众,高尔夫 2012款 GTI 2.0L 双离合 舒适版,2013年10月,2.70万公里,国4,25.60万,15.5
大众,高尔夫 2004款 2.0L 手动舒适型,2004年6月,11.20万公里,国2,18.67万,3.3
大众,途安 2008款 2.0L智享版 手动挡5座,2008年4月,9.00万公里,国4,16.26万,4.9
大众,途安 2008款 2.0L智享版 自动挡5座,2009年11月,8.00万公里,国4,17.56万,5.7
大众,途安 2008款 2.0L智享版 手动挡5座,2010年2月,8.00万公里,国4,16.26万,6
大众,帕萨特 2008款 2.0L自动经典型,2009年3月,9.00万公里,国3,16.61万,4.8
大众,夏朗 2012款 2.0L TSI 标配型,2012年4月,6.00万公里,国4,34.08万,16.8
大众,朗逸 2009款 2.0L 自动品轩版,2009年7月,9.50万公里,国4,16.26万,4.7
大众,夏朗 2012款 2.0L TSI 舒适型,2012年10月,6.50万公里,国4,39.55万,16.8
大众,夏朗 2012款 2.0L TSI 豪华型,2012年9月,7.10万公里,国4,45.92万,19.98
大众,帕萨特 2006款 2.0L手动超值型,2006年12月,9.00万公里,国2,19.52万,2.2
大众,桑塔纳 2006款 3000 2.0L 手动豪华型,2007年8月,9.00万公里,国4,13.33万,1.68
大众,宝来 2008款 2.0L 自动舒适型,2010年6月,8.00万公里,国4,14.85万,5.68
大众,帕萨特 2003款 2.0L自动基本型,2004年3月,31.00万公里,--,21.01万,2
大众,夏朗 2014款 2.0L TSI 舒适型,2015年6月,6.00万公里,国5,39.03万,20.8
大众,途安 2007款 2.0L 自动智享版5座,2007年6月,15.00万公里,国3,19.52万,3.68
大众,帕萨特 2009款 领驭 2.0L MFI 自动尊享型,2010年2月,11.60万公里,国4,19.52万,6.5
大众,朗逸 2008款 2.0L手动品轩版,2009年6月,17.00万公里,国4,14.96万,4.1
东风风行,菱智 2014款 M5-Q3 2.0L 手动 7座长轴舒适型,2014年3月,5.60万公里,国4,10.84万,4.2
东风风行,菱智 2013款 M5 Q3长车 2.0L 手动 舒适型 7座,2014年2月,4.60万公里,国4,10.84万,4.8
东风风行,菱智 2013款 M5 Q3长车 2.0L 手动 舒适型 7座,2014年6月,5.20万公里,国4,10.84万,4.75
东风风行,菱智 2015款 M5-Q7系列 2.0L 手动 7座 舒适型 加长轴距版,2015年5月,3.70万公里,国4,8.89万,5.8
东风风神,风神AX7 2015款 2.0L 自动 智逸型,2016年8月,2.09万公里,国5,15.16万,9.5
东风风神,风神AX7 2015款 2.0L 自动 智悦型,2015年4月,2.63万公里,国5,13.86万,8.1
道奇,酷搏 2011款 2.0L 自动 SXT经典版,2012年1月,8.00万公里,国4,21.70万,9.38
东风,帅客 2012款 2.0L 自动 豪华型 ZN6441V1R4(国IV+OBD),2014年5月,5.00万公里,国4,11.70万,5
丰田,RAV4荣放 2013款 2.0L 自动 特享精英版,2013年8月,2.00万公里,国4,23.86万,13.6
丰田,丰田86 2017款 2.0L 手动 豪华型,2017年4月,0.60万公里,国5,30.15万,30.8
丰田,丰田86 2017款 2.0L 手动 豪华型,2016年12月,0.60万公里,国5,30.15万,29.88
丰田,RAV4荣放 2015款 2.0L CVT 两驱 风尚版,2015年8月,6.70万公里,国5,21.69万,14.98
丰田,RAV4荣放 2009款 2.0L 豪华版 AT,2010年4月,11.30万公里,国4,23.64万,10
丰田,RAV4荣放 2009款 2.0L 豪华版 AT,2010年4月,11.30万公里,国4,23.64万,10
丰田,凯美瑞 2012款 经典版 2.0L 200E 精英版,2012年9月,10.00万公里,国4,19.84万,9
丰田,逸致 2012款 2.0L 自动 至尊导航版,2013年4月,6.00万公里,国4,26.03万,10.93
丰田,RAV4荣放 2011款 2.0L 自动豪华版,2011年6月,6.69万公里,国4,24.94万,11.8
丰田,RAV4荣放 2010款 2.0L 豪华升级版 AT,2010年9月,8.90万公里,国4,24.73万,9.98
丰田,RAV4荣放 2012款 2.0L 自动 经典版,2013年2月,6.00万公里,国4,21.47万,13.9
丰田,RAV4荣放 2011款 2.0L 自动豪华版,2011年12月,8.60万公里,国4,24.94万,10.68
丰田,凯美瑞 2012款 经典版 2.0L 200E 精英版,2014年6月,5.00万公里,国4,19.84万,12.8
丰田,RAV4荣放 2013款 2.0L CVT 风尚版,2013年12月,6.00万公里,国4,23.64万,13.99
丰田,RAV4荣放 2013款 2.0L 自动 特享精英版,2014年10月,6.00万公里,国4,23.86万,18
丰田,RAV4荣放 2011款 2.0L 自动经典版,2013年11月,11.16万公里,国4,21.47万,11.5
丰田,RAV4荣放 2011款 2.0L 自动经典版,2013年11月,11.16万公里,国4,21.47万,11.5
福特,蒙迪欧 2011款 致胜 2.0L GTDi240 豪华运动型导航版 国4,2011年8月,6.00万公里,国4,26.25万,8.8
福特,福克斯 2012款 三厢 2.0L 自动 旗舰型,2012年7月,6.50万公里,国4,18.44万,6.6
福特,蒙迪欧 2011款 致胜 2.0L GTDi240 豪华运动型 国4,2011年3月,8.47万公里,国4,25.81万,9.8
福特,蒙迪欧 2011款 致胜 2.0L GTDi200 豪华型 国4,2011年11月,5.91万公里,国4,23.64万,8.58
福特,蒙迪欧 2005款 2.0L自动挡精英版,2005年12月,9.50万公里,国2,21.69万,2.3
福特,蒙迪欧 2011款 致胜 2.0L GTDi200 豪华型 国4,2011年5月,6.00万公里,国4,23.64万,8.68
福特,蒙迪欧 2011款 致胜 2.0L GTDi200 豪华型 国4,2011年7月,4.20万公里,国4,23.64万,8.35
福特,蒙迪欧 2011款 致胜 2.0L GTDi200 豪华型 国4,2012年3月,4.60万公里,国4,23.64万,9
福特,蒙迪欧 2011款 致胜 2.0L GTDi200 豪华型 国4,2012年5月,4.50万公里,国4,23.64万,8.98
福特,蒙迪欧 2011款 致胜 2.0L GTDi240 至尊型 国4,2012年6月,4.50万公里,国4,27.44万,9.2
福特,蒙迪欧 2011款 致胜 2.0L GTDi200 时尚型 国4,2012年10月,4.70万公里,国4,21.69万,8.18
福特,蒙迪欧 2011款 致胜 2.0L GTDi240 豪华运动型 国4,2011年7月,6.00万公里,国4,25.81万,8.3
福特,蒙迪欧 2012款 致胜 2.0L 自动 旗舰运动型 国4,2012年7月,6.10万公里,国4,27.87万,9.98
福特,蒙迪欧 2005款 2.0L自动挡精英版,2005年4月,15.00万公里,国2,21.69万,2.5
福特,蒙迪欧 2011款 致胜 2.0L GTDi200 豪华型 国4,2012年11月,5.80万公里,国4,23.64万,9.58
福特,蒙迪欧 2012款 致胜 2.0L 自动 旗舰运动型 国4,2013年9月,5.00万公里,国4,27.87万,10.8
福特,福克斯 2012款 两厢 2.0L 手动 豪华运动型,2012年6月,6.41万公里,国4,16.49万,7.5
福特,福克斯 2012款 两厢 2.0L 手动 豪华运动型,2012年6月,6.41万公里,国4,16.49万,7.5
福特,福克斯 2012款 两厢 2.0L 自动 豪华运动型,2014年7月,5.20万公里,国4,17.68万,9.5
福特,蒙迪欧 2012款 致胜 2.0L 自动 旗舰运动型 国4,2012年3月,10.40万公里,国4,27.87万,9.58
福特,福克斯 2012款 两厢 2.0L 自动 豪华运动型,2015年2月,3.00万公里,国4,17.68万,10.88
福特,福克斯 2012款 两厢 2.0L 自动 豪华运动型,2012年9月,6.00万公里,国4,17.68万,7.8
福特,福克斯 2012款 两厢 2.0L 自动 豪华运动型,2012年12月,6.80万公里,国4,17.68万,7.88
福特,福克斯 2012款 两厢 2.0L 手动 豪华运动型,2012年12月,6.90万公里,国4,16.49万,7.89
福特,蒙迪欧 2012款 致胜 2.0L 自动 旗舰运动型 国4,2012年7月,4.20万公里,国4,27.87万,12
福特,蒙迪欧 2005款 2.0L自动挡精英版,2005年11月,11.00万公里,国2,21.69万,2.15
福特,蒙迪欧 2011款 致胜 2.0L GTDi200 时尚型 国4,2011年6月,6.77万公里,国4,21.69万,8.8
福特,蒙迪欧 2011款 致胜 2.0L GTDi200 时尚型 国4,2011年6月,6.77万公里,国4,21.69万,8.8
福特,蒙迪欧 2011款 致胜 2.0L GTDi240 豪华运动型 国4,2011年3月,8.47万公里,国4,25.81万,9.8
福特,蒙迪欧 2011款 致胜 2.0L GTDi240 至尊型 国4,2013年5月,6.30万公里,国4,27.44万,10.3
福田,蒙派克E 2014款 2.0L 手动 财富快车经典版 汽油 长轴,2014年6月,8.00万公里,国4,9.42万,4.99
福田,风景 2011款 2.0L 经典型 汽油4G63S4M 短轴低顶,2011年6月,9.40万公里,国4,暂无,3.1
福田,蒙派克E 2012款 财富快车 2.0L 手动 舒适版 汽油 长轴,2012年2月,6.90万公里,国4,暂无,3.9
福田,风景 2014款 2.0L 手动 经典型 汽油 长轴,2014年8月,5.20万公里,国4,6.82万,4.58
福田,蒙派克E 2014款 2.0L 手动 财富快车经典版 汽油 VVT 长轴,2014年2月,6.90万公里,国4,9.75万,5.55
福田,蒙派克E 2014款 2.0L 手动 财富快车经典版 汽油 长轴,2014年8月,5.60万公里,国4,9.42万,5.46
福田,蒙派克E 2016款 快运版 2.0L 手动 4G63 高顶型,2016年6月,2.45万公里,国5,8.68万,6.26
福田,风景 2012款 2.0L 486EQV4 汽油 长轴高顶 6座 标准版,2012年5月,6.80万公里,国4,8.63万,2.88
福田,风景 2010款 2.0L 经典型 柴油4D20 短轴低顶,2011年10月,8.30万公里,国3,7.90万,2.58
福田,风景 2012款 2.0L 手动 经典型 汽油 VVT 短轴,2013年6月,6.00万公里,国4,6.46万,2.98
福田,蒙派克E 2014款 2.0L 手动 财富快车经典版 汽油 VVT 长轴,2014年7月,5.00万公里,国4,9.75万,5.39
福田,蒙派克E 2014款 2.0L 手动 财富快车经典版 汽油 VVT 长轴,2014年2月,6.80万公里,国4,9.75万,5.56
福田,风景 2010款 2.0L 经典型 柴油4D20 短轴低顶,2012年11月,9.30万公里,国3,7.90万,3.4
福田,蒙派克E 2014款 2.0L 手动 财富快车经典版 汽油 VVT 长轴,2014年10月,4.10万公里,国4,9.75万,5.4
广汽传祺,传祺GS5 2012款 2.0L 手动 舒适版,2014年7月,7.73万公里,国5,13.44万,6.5
广汽传祺,传祺GS5 2012款 2.0L 自动 周年纪念版,2013年10月,5.00万公里,国5,17.02万,7.77
广汽传祺,传祺GS5 2012款 2.0L 手动 豪华版,2013年3月,7.66万公里,国5,16.59万,6.5
广汽传祺,传祺GS5 2012款 2.0L 手动 舒适版,2014年7月,7.73万公里,国5,13.44万,6.5
哈弗,哈弗H3 2010款 锐意版 2.0L 手动 豪华型,2011年9月,4.40万公里,国4,10.07万,3.2
哈弗,哈弗H6 2011款 2.0L 手动 两驱 精英型,2012年10月,7.20万公里,国4,11.48万,5.5
哈弗,哈弗H6 2011款 2.0L 手动 两驱 精英型 汽油,2013年3月,3.18万公里,国4,11.48万,7.5
哈弗,哈弗H3 2010款 锐意版 2.0L 手动 豪华型,2011年2月,6.29万公里,国4,10.07万,3.5
哈弗,哈弗H6 2011款 2.0L 手动 两驱 精英型,2012年10月,7.20万公里,国4,11.48万,5.5
海马,海马S7 2013款 2.0L 手动 智享版,2014年5月,8.70万公里,国4,12.68万,5
海马,骑士 2013款 2.0L 手动 经典版,2013年5月,6.50万公里,国4,11.48万,4.5
海马,骑士 2013款 2.0L 手动 经典版,2013年5月,6.50万公里,国4,11.48万,3.98
海马,海马S7 2013款 2.0L 手动 智享版,2014年5月,8.70万公里,国4,12.68万,5
华泰,经典圣达菲 2015款 2.0L 手动 两驱 标准型,2017年2月,1.44万公里,国4,7.14万,7
华泰,经典圣达菲 2015款 2.0L 手动 两驱 标准型,2017年2月,1.44万公里,国4,7.14万,7
Jeep,指南者(进口) 2011款 2.0L 自动 运动版,2011年12月,4.70万公里,国4,24.09万,10
Jeep,指南者(进口) 2014款 2.0L 自动 运动版,2016年1月,4.65万公里,国5,24.09万,14
Jeep,指南者(进口) 2014款 2.0L 自动 运动版,2016年1月,4.65万公里,国5,24.09万,13.8
Jeep,指南者(进口) 2011款 2.0L 自动 运动版,2011年12月,4.74万公里,国4,24.09万,9.6
江淮,瑞风 2012款 穿梭 2.0L 手动 汽油 长轴标准型,2012年2月,6.90万公里,国4 ,10.84万,4.5
江淮,瑞风 2011款 一家亲 2.0L汽油 手动标准版,2011年5月,8.60万公里,国4,13.00万,3.88
江淮,瑞风 2008款 穿梭系列 2.0L汽油 简配单空调型 7座,2008年7月,9.60万公里,国2,10.84万,2.68
江淮,瑞风 2011款 一家亲 2.0L汽油 手动标准版,2011年2月,9.67万公里,国4,13.00万,3.78
江淮,瑞风 2008款 穿梭系列 2.0L汽油 简配单空调型 7座,2008年5月,8.30万公里,国2,10.84万,2.36
江淮,瑞风 2011款 穿梭系列 2.0L汽油 标准版,2012年1月,6.00万公里,国3 ,10.84万,4.38
江淮,瑞风 2008款 穿梭系列 2.0L汽油 简配前后空调型 7座,2009年6月,9.30万公里,国3,11.48万,3
江淮,瑞风S5 2013款 2.0L 手动 尊贵版,2013年11月,3.70万公里,国4,10.94万,5.1
江淮,瑞风 2008款 穿梭系列 2.0L汽油 简配前后空调型 8座,2008年7月,10.00万公里,国3 ,11.48万,2.5
江淮,瑞风 2011款 穿梭系列 2.0L汽油 舒适版,2012年6月,8.70万公里,国4,11.48万,4.5
江淮,瑞风 2011款 穿梭系列 2.0L汽油 舒适版,2012年5月,9.60万公里,国4,11.48万,4.5
江淮,瑞风 2008款 Ⅰ 2.0L汽油 手动标准型,2008年5月,8.20万公里,国3 ,13.00万,2.46
江淮,瑞风M4 2016款 2.0L 手动 豪华型,2016年11月,1.86万公里,国5,13.00万,10
江淮,瑞风 2011款 穿梭系列 2.0L汽油 舒适版,2011年5月,8.60万公里,国4,11.48万,4.28
江淮,瑞风 2011款 一家亲 2.0L汽油 手动豪华版,2011年2月,8.60万公里,国4,13.87万,3.88
江淮,瑞风 2015款 穿梭 2.0L 手动 汽油 长轴舒适型,2016年5月,5.30万公里,国4 ,11.48万,8.8
金杯,海狮 2011款 2.0L 畅意系列标准型 欧4,2011年6月,7.00万公里,国4,暂无,2.68
金杯,阁瑞斯 2010款 睿翔 2.0L 手动 舒适型 短轴7座,2010年9月,8.00万公里,--,暂无,3.58
金杯,海狮 2011款 2.0L 畅享系列标准型 欧4,2012年6月,9.00万公里,国4,暂无,2.68
金杯,海狮 2011款 2.0L 畅意系列标准型 欧4,2012年1月,6.00万公里,国4,暂无,3.6
金杯,阁瑞斯 2011款 睿翔 2.0L 豪华型 手动 标准顶 长轴 11座,2012年5月,6.00万公里,国4,17.35万,4.3
金杯,海狮 2011款 2.0L 畅意系列标准型 欧4,2010年2月,6.90万公里,国4,暂无,2.72
金杯,海狮 2011款 2.0L 畅享系列经典型 欧3,2012年3月,8.00万公里,国3,暂无,2.88
金杯,海狮 2011款 2.0L 畅意系列标准型 欧4,2015年8月,5.00万公里,国4,暂无,4.5
金杯,阁瑞斯 2011款 睿翔 2.0L 豪华型 手动 标准顶 长轴 9座,2011年12月,6.80万公里,国4,17.45万,4.18
金杯,海狮 2016款 2.0L 手动 快运标准型,2017年1月,2.00万公里,国5,8.66万,5.5
金杯,阁瑞斯 2016款 2.0L 快运系列标准型,2017年5月,1.59万公里,国4,9.31万,6.99
金杯,阁瑞斯 2010款 睿翔 2.0L 手动 舒适型 短轴7座,2010年2月,9.60万公里,--,暂无,3.6
克莱斯勒,铂锐 2008款 2.0L舒适型,2008年4月,20.00万公里,国4,19.76万,5
雷诺,风朗 2013款 2.0L 自动 豪华版,2013年5月,3.73万公里,国4,19.84万,8.8
雷诺,科雷傲(进口) 2015款 2.0L 两驱 时尚版,2016年2月,3.80万公里,国4,24.18万,16
雷诺,科雷傲(进口) 2015款 2.0L 两驱 舒适版,2017年4月,1.12万公里,国4,26.03万,16.5
马自达,马自达6 2008款 轿跑 2.0L 豪华型,2008年1月,7.00万公里,国3,22.77万,4.74
马自达,马自达6 2008款 2.0L 手自一体豪华型,2009年1月,5.90万公里,国3 ,20.60万,5
马自达,马自达6 2007款 轿跑 2.0L 手自一体豪华型,2008年3月,8.46万公里,国4,22.77万,4.72
马自达,睿翼 2012款 轿跑 2.0L 手自一体 豪华版,2013年1月,4.13万公里,国4,20.06万,10.98
马自达,马自达6 2013款 2.0L 超豪华型,2014年3月,2.87万公里,国5,17.35万,7.98
马自达,阿特兹 2015款 2.0L 蓝天尊贵版,2016年1月,1.20万公里,国5,22.34万,15.5
马自达,马自达6 2008款 轿跑 2.0L 运动型,2008年2月,12.00万公里,国3,21.04万,4.9
马自达,马自达3 星骋 2012款 两厢 2.0L 自动 豪华运动型,2016年5月,2.30万公里,国4,16.26万,8.8
马自达,马自达6 2007款 2.0L 手自一体超豪华型,2008年12月,4.40万公里,国4,21.69万,5.3
马自达,马自达6 2008款 2.0L 手自一体时尚型,2008年1月,6.83万公里,国3 ,19.52万,3.88
马自达,马自达6 2007款 2.0L 手自一体超豪华型,2007年5月,7.60万公里,国4,21.69万,4.2
马自达,马自达6 2007款 轿跑 2.0L 手自一体豪华型,2007年6月,5.30万公里,国4,22.77万,4.58
马自达,马自达6 2008款 2.0L 手自一体豪华型,2008年11月,6.30万公里,国3 ,20.60万,5.38
马自达,马自达6 2008款 轿跑 2.0L 豪华型,2009年4月,8.30万公里,国3,22.77万,5.35
马自达,马自达6 2008款 轿跑 2.0L 豪华型,2008年9月,6.60万公里,国3,22.77万,4.55
马自达,马自达6 2011款 2.0L豪华,2011年1月,8.00万公里,国4,20.60万,5.98
马自达,马自达6 2008款 2.0L 手自一体豪华型,2009年3月,5.90万公里,国3 ,20.60万,5.38
马自达,阿特兹 2017款 2.0L 蓝天豪华版,2017年2月,百公里内,国5,20.60万,17.76
马自达,马自达5 2007款 2.0L 自动舒适型,2009年3月,9.80万公里,国4,18.43万,6.88
马自达,马自达6 2008款 轿跑 2.0L 运动型,2008年8月,6.20万公里,国3,21.04万,4.8
马自达,马自达6 2010款 2.0L 手自一体豪华型,2010年6月,6.20万公里,--,20.60万,5.39
马自达,马自达6 2007款 2.0L 手自一体豪华型,2006年9月,8.50万公里,国4,20.60万,3.5
马自达,马自达6 2010款 2.0L 手自一体豪华型,2010年1月,5.10万公里,--,20.60万,5.58
马自达,马自达6 2007款 轿跑 2.0L 手自一体豪华型,2007年8月,7.60万公里,国4,22.77万,4.2
马自达,马自达6 2010款 2.0L 手自一体时尚型,2010年1月,4.00万公里,--,19.52万,4.9
马自达,马自达5 2013款 2.0L 自动 舒适型,2014年8月,5.00万公里,国4,19.19万,10.28
马自达,马自达6 2007款 轿跑 2.0L 手自一体豪华型,2007年8月,8.30万公里,国4,22.77万,4.05
马自达,马自达6 2008款 2.0L 手自一体超豪华型,2009年4月,7.00万公里,国3,21.69万,5
马自达,马自达6 2007款 2.0L 手自一体时尚型,2009年7月,12.00万公里,--,19.52万,4.68
马自达,马自达6 2006款 2.0L 手自一体豪华型,2006年5月,8.70万公里,--,20.60万,3.7
马自达,马自达6 2008款 轿跑 2.0L 运动型,2008年9月,10.00万公里,国3,21.04万,5.3
马自达,马自达6 2007款 轿跑 2.0L 手自一体豪华型,2007年12月,7.68万公里,国4,22.77万,4.18
马自达,阿特兹 2015款 2.0L 蓝天豪华版,2016年3月,0.95万公里,国5,20.49万,14.9
马自达,马自达6 2010款 2.0L 手自一体豪华型,2010年8月,5.30万公里,--,20.60万,5.88
马自达,马自达6 2008款 轿跑 2.0L 豪华型,2008年8月,6.80万公里,国3,22.77万,4.5
马自达,马自达6 2008款 2.0L 手自一体时尚型,2008年4月,12.00万公里,国3 ,19.52万,3.68
马自达,马自达6 2008款 2.0L 手自一体豪华型,2008年8月,6.80万公里,国3 ,20.60万,4.88
马自达,马自达6 2008款 轿跑 2.0L 豪华型,2008年8月,6.50万公里,国3,22.77万,4.5
马自达,马自达6 2008款 轿跑 2.0L 豪华型,2008年8月,6.60万公里,国3,22.77万,4.48
马自达,马自达3(进口) 2010款 2.0L 自动豪华型,2010年11月,9.00万公里,国4,20.49万,7.28
马自达,马自达CX-5 2014款 2.0L 自动 两驱 都市型,2015年11月,1.25万公里,国5,21.04万,15.6
马自达,马自达6 2008款 2.0L 手自一体超豪华型,2008年8月,6.80万公里,国3,21.69万,4.5
马自达,马自达6 2008款 2.0L 手自一体豪华型,2008年10月,6.80万公里,国3 ,20.60万,4.88
马自达,马自达6 2008款 轿跑 2.0L 豪华型,2008年10月,6.80万公里,国3,22.77万,4.5
马自达,马自达6 2007款 轿跑 2.0L 手自一体豪华型,2007年7月,8.20万公里,国4,22.77万,4.5
马自达,马自达6 2008款 轿跑 2.0L 豪华型,2008年8月,6.60万公里,国3,22.77万,4.5
马自达,马自达6 2007款 轿跑 2.0L 手自一体运动型,2007年9月,8.30万公里,国3,21.04万,4.5
马自达,马自达6 2008款 轿跑 2.0L 豪华型,2009年6月,7.50万公里,国3,22.77万,5.28
马自达,马自达6 2008款 2.0L 手自一体时尚型,2008年6月,8.30万公里,国3 ,19.52万,4.8
马自达,阿特兹 2015款 2.0L 蓝天豪华版,2016年3月,1.35万公里,国5,20.49万,14.8
马自达,马自达6 2006款 2.0L 手自一体豪华型,2006年9月,9.60万公里,--,20.60万,3.3
马自达,马自达CX-5 2015款 2.0L 自动 两驱 都市型,2016年2月,1.20万公里,国5,20.71万,15.6
马自达,马自达6 2011款 2.0L豪华,2010年7月,5.80万公里,国4,20.60万,6.2
马自达,马自达6 2011款 2.0L时尚,2011年7月,5.10万公里,国4,19.52万,6.2
马自达,马自达6 2008款 轿跑 2.0L 豪华型,2008年5月,9.53万公里,国3,22.77万,4.78
马自达,马自达6 2007款 2.0L 手自一体超豪华型,2007年6月,5.00万公里,国4,21.69万,4.98
马自达,马自达6 2007款 2.0L 手自一体豪华型,2007年6月,5.10万公里,国4,20.60万,4.98
马自达,马自达6 2007款 2.0L 手自一体豪华型,2007年5月,5.30万公里,国4,20.60万,4.78
马自达,马自达6 2008款 2.0L 手自一体豪华型,2009年8月,4.60万公里,国3 ,20.60万,5.98
马自达,马自达6 2007款 2.0L 手自一体豪华型,2007年6月,6.20万公里,国4,20.60万,4.85
马自达,马自达6 2008款 轿跑 2.0L 运动型,2008年12月,5.30万公里,国3,21.04万,5.45
马自达,马自达6 2008款 轿跑 2.0L 豪华型,2008年12月,5.30万公里,国3,22.77万,5.35
马自达,马自达6 2008款 轿跑 2.0L 豪华型,2008年12月,5.60万公里,国3,22.77万,5.38
马自达,马自达6 2008款 轿跑 2.0L 运动型,2008年11月,5.70万公里,国3,21.04万,5.48
马自达,马自达6 2008款 轿跑 2.0L 豪华型,2008年7月,6.70万公里,国3,22.77万,4.68
马自达,马自达6 2008款 2.0L 手自一体豪华型,2009年7月,6.00万公里,国3 ,20.60万,5.58
马自达,马自达6 2008款 2.0L 手自一体时尚型,2009年3月,5.80万公里,国3 ,19.52万,5.72
马自达,马自达6 2008款 轿跑 2.0L 豪华型,2008年8月,6.70万公里,国3,22.77万,4.78
马自达,马自达6 2008款 轿跑 2.0L 豪华型,2008年6月,6.38万公里,国3,22.77万,5.18
马自达,马自达6 2010款 2.0L 手自一体豪华型,2010年7月,5.30万公里,--,20.60万,5.8
马自达,马自达6 2006款 2.0L 手自一体豪华型,2006年4月,8.00万公里,--,20.60万,3.88
马自达,马自达6 2008款 轿跑 2.0L 运动型,2008年7月,6.80万公里,国3,21.04万,5.05
马自达,马自达6 2008款 轿跑 2.0L 豪华型,2009年3月,6.00万公里,国3,22.77万,5.68
马自达,马自达6 2008款 轿跑 2.0L 运动型,2008年6月,6.50万公里,国3,21.04万,5.4
马自达,马自达6 2008款 轿跑 2.0L 豪华型,2009年5月,5.90万公里,国3,22.77万,5.78
马自达,马自达6 2008款 2.0L 手自一体豪华型,2008年7月,6.50万公里,国3 ,20.60万,4.98
马自达,马自达6 2007款 2.0L 手自一体豪华型,2006年12月,7.60万公里,国4,20.60万,4.4
马自达,马自达6 2008款 2.0L 手自一体豪华型,2009年6月,5.90万公里,国3 ,20.60万,5.62
马自达,马自达6 2008款 2.0L 手自一体时尚型,2008年8月,6.78万公里,国3 ,19.52万,4.88
马自达,马自达6 2008款 2.0L 手自一体豪华型,2008年9月,6.68万公里,国3 ,20.60万,4.98
马自达,马自达6 2010款 2.0L 手自一体豪华型,2010年8月,5.30万公里,--,20.60万,5.5
马自达,马自达6 2008款 2.0L 手自一体时尚型,2008年10月,6.39万公里,国3 ,19.52万,4.98
马自达,马自达6 2008款 轿跑 2.0L 豪华型,2008年7月,6.60万公里,国3,22.77万,4.8
马自达,马自达6 2007款 轿跑 2.0L 手自一体豪华型,2007年9月,7.20万公里,国4,22.77万,4.5
马自达,马自达6 2008款 轿跑 2.0L 豪华型,2008年8月,6.60万公里,国3,22.77万,4.78
马自达,马自达6 2008款 轿跑 2.0L 豪华型,2008年8月,6.60万公里,国3,22.77万,4.8
马自达,马自达6 2008款 轿跑 2.0L 豪华型,2008年8月,6.80万公里,国3,22.77万,4.8
马自达,马自达6 2008款 2.0L 手自一体豪华型,2008年8月,6.60万公里,国3 ,20.60万,4.98
马自达,马自达6 2010款 2.0L 手自一体豪华型,2010年7月,5.20万公里,--,20.60万,5.88
马自达,马自达6 2007款 2.0L 手自一体豪华型,2007年10月,7.39万公里,国4,20.60万,4.8
马自达,马自达6 2008款 2.0L 手自一体豪华型,2009年3月,6.20万公里,国3 ,20.60万,5.35
马自达,马自达6 2007款 2.0L 手自一体豪华型,2007年10月,7.26万公里,国4,20.60万,4.28
马自达,马自达6 2007款 轿跑 2.0L 手自一体豪华型,2007年6月,7.65万公里,国4,22.77万,4.58
马自达,马自达6 2011款 2.0L豪华,2011年9月,6.00万公里,国4,20.60万,6.5
马自达,马自达6 2008款 轿跑 2.0L 豪华型,2008年11月,6.60万公里,国3,22.77万,4.88
马自达,马自达6 2008款 轿跑 2.0L 豪华型,2008年11月,6.60万公里,国3,22.77万,4.8
马自达,马自达6 2008款 轿跑 2.0L 豪华型,2008年11月,6.60万公里,国3,22.77万,5.3
马自达,马自达6 2008款 2.0L 手自一体时尚型,2009年2月,6.52万公里,国3 ,19.52万,5.6
马自达,马自达6 2008款 2.0L 手自一体时尚型,2008年8月,6.89万公里,国3 ,19.52万,4.8
马自达,马自达6 2008款 轿跑 2.0L 运动型,2008年10月,6.80万公里,国3,21.04万,5.3
马自达,马自达6 2007款 2.0L 手自一体豪华型,2007年8月,7.69万公里,国4,20.60万,4.58
马自达,马自达6 2010款 2.0L 手自一体豪华型,2009年10月,6.00万公里,--,20.60万,6.26
马自达,马自达CX-4 2016款 2.0L 自动 两驱 蓝天品位版,2016年7月,1.40万公里,国5,18.43万,15.9
马自达,马自达6 2008款 轿跑 2.0L 运动型,2009年6月,6.30万公里,国3,21.04万,5.3
马自达,马自达6 2006款 2.0L 手自一体豪华型,2006年12月,8.20万公里,--,20.60万,3.8
马自达,马自达6 2007款 2.0L 手自一体豪华型,2007年9月,7.68万公里,国4,20.60万,4.28
马自达,马自达6 2008款 轿跑 2.0L 豪华型,2008年11月,6.80万公里,国3,22.77万,5.3
马自达,马自达6 2008款 2.0L 手自一体豪华型,2008年11月,6.80万公里,国3 ,20.60万,5.48
马自达,马自达6 2008款 2.0L 手自一体豪华型,2008年12月,6.80万公里,国3 ,20.60万,5.6
马自达,马自达6 2008款 轿跑 2.0L 豪华型,2010年1月,6.80万公里,国3,22.77万,5.15
马自达,马自达6 2008款 2.0L 手自一体时尚型,2009年6月,6.39万公里,国3 ,19.52万,5.18
马自达,马自达6 2007款 轿跑 2.0L 手自一体豪华型,2007年10月,7.69万公里,国4,22.77万,4.58
马自达,马自达6 2008款 2.0L 手自一体时尚型,2009年6月,6.39万公里,国3 ,19.52万,4.88
马自达,马自达6 2008款 2.0L 手自一体豪华型,2008年11月,6.87万公里,国3 ,20.60万,5.5
马自达,马自达6 2007款 2.0L 手自一体豪华型,2007年4月,8.20万公里,国4,20.60万,4.18
马自达,马自达6 2008款 2.0L 手自一体豪华型,2009年4月,6.70万公里,国3 ,20.60万,5.65
马自达,马自达6 2008款 轿跑 2.0L 豪华型,2009年6月,6.50万公里,国3,22.77万,5.26
马自达,马自达6 2007款 轿跑 2.0L 手自一体豪华型,2007年11月,7.89万公里,国4,22.77万,4.68
马自达,马自达6 2007款 2.0L 手自一体豪华型,2007年3月,8.50万公里,国4,20.60万,4.7
马自达,马自达6 2008款 轿跑 2.0L 豪华型,2008年10月,7.20万公里,国3,22.77万,5.22
马自达,马自达6 2007款 2.0L 手自一体豪华型,2008年5月,7.60万公里,国4,20.60万,5.04
马自达,马自达6 2008款 轿跑 2.0L 运动型,2009年2月,7.00万公里,国3,21.04万,5.7
马自达,马自达6 2008款 2.0L 手自一体豪华型,2008年5月,7.60万公里,国3 ,20.60万,4.99
马自达,马自达6 2008款 2.0L 手自一体时尚型,2009年6月,6.80万公里,国3 ,19.52万,5.2
马自达,马自达6 2008款 2.0L 手自一体时尚型,2008年6月,7.60万公里,国3 ,19.52万,4.58
马自达,马自达6 2008款 2.0L 手自一体时尚型,2009年6月,6.81万公里,国3 ,19.52万,5.68
马自达,马自达6 2007款 轿跑 2.0L 手自一体豪华型,2008年3月,7.90万公里,国4,22.77万,4.65
马自达,马自达6 2008款 2.0L 手自一体时尚型,2008年12月,7.30万公里,国3 ,19.52万,5.38
马自达,马自达6 2008款 2.0L 手自一体豪华型,2008年3月,7.90万公里,国3 ,20.60万,4.88
马自达,马自达6 2008款 轿跑 2.0L 运动型,2009年5月,7.00万公里,国3,21.04万,5.67
马自达,马自达6 2008款 轿跑 2.0L 豪华型,2008年3月,8.00万公里,国3,22.77万,5.3
马自达,马自达6 2008款 轿跑 2.0L 运动型,2009年3月,7.20万公里,国3,21.04万,5.63
马自达,马自达6 2007款 2.0L 手自一体豪华型,2007年6月,8.75万公里,国4,20.60万,4.65
马自达,马自达6 2008款 2.0L 手自一体豪华型,2008年7月,7.41万公里,国3 ,20.60万,5.2
马自达,马自达6 2011款 2.0L豪华,2011年5月,5.40万公里,国4,20.60万,7.02
马自达,马自达6 2008款 2.0L 手自一体时尚型,2009年1月,7.60万公里,国3 ,19.52万,5.2
马自达,马自达6 2008款 轿跑 2.0L 运动型,2009年7月,7.20万公里,国3,21.04万,5.7
马自达,马自达6 2007款 2.0L 手自一体豪华型,2008年10月,8.00万公里,国4,20.60万,5.1
马自达,马自达6 2007款 2.0L 手自一体豪华型,2007年10月,9.00万公里,国4,20.60万,4.5
马自达,马自达6 2008款 轿跑 2.0L 运动型,2008年7月,8.40万公里,国3,21.04万,5.3
马自达,马自达6 2011款 2.0L豪华,2011年2月,6.00万公里,国4,20.60万,6.98
马自达,马自达6 2005款 2.0L豪华天窗版,2005年2月,9.87万公里,--,21.69万,2.88
马自达,马自达6 2008款 轿跑 2.0L 豪华型,2009年2月,8.00万公里,国3,22.77万,4.9
马自达,马自达6 2008款 轿跑 2.0L 豪华型,2008年7月,8.50万公里,国3,22.77万,4.88
马自达,马自达6 2008款 2.0L 手自一体豪华型,2008年5月,8.90万公里,国3 ,20.60万,5.8
马自达,马自达6 2011款 2.0L时尚,2012年3月,7.00万公里,国4,19.52万,7.58
马自达,马自达6 2005款 2.0L豪华天窗版,2006年1月,11.60万公里,--,21.69万,3
马自达,马自达6 2008款 2.0L 手自一体超豪华型,2008年5月,9.00万公里,国3,21.69万,5.5
马自达,马自达6 2010款 2.0L 手自一体豪华型,2010年8月,7.00万公里,--,20.60万,5.98
马自达,马自达6 2006款 2.0L 手自一体超豪华型,2006年1月,12.00万公里,国3,21.69万,3.8
马自达,马自达6 2008款 2.0L 手自一体豪华型,2008年12月,9.20万公里,国3 ,20.60万,4.58
马自达,马自达6 2013款 2.0L 时尚型,2013年1月,10.00万公里,国5,16.04万,6.9
马自达,马自达6 2007款 2.0L 手自一体豪华型,2010年3月,8.80万公里,国4,20.60万,6.2
马自达,马自达6 2011款 2.0L时尚,2010年10月,8.00万公里,国4,19.52万,7.3
马自达,马自达6 2010款 2.0L 手自一体时尚型,2010年8月,13.00万公里,--,19.52万,5.5
马自达,马自达5 2007款 2.0L 自动豪华型,2010年6月,8.40万公里,国4,19.84万,7.68
马自达,马自达CX-5 2013款 2.0L 自动 两驱 舒适型,2014年1月,6.10万公里,国5,19.95万,13.58
马自达,马自达6 2008款 2.0L 手自一体时尚型,2010年9月,9.20万公里,国3 ,19.52万,5.78
马自达,马自达6 2007款 2.0L 手自一体豪华型,2010年3月,8.80万公里,国4,20.60万,6.2
马自达,马自达6 2004款 2.0L豪华型,2004年4月,15.00万公里,国2,21.04万,3
马自达,马自达6 2012款 2.0L 时尚,2013年4月,6.20万公里,国4,19.52万,7.2
马自达,马自达6 2007款 轿跑 2.0L 手自一体豪华型,2007年8月,7.60万公里,国4,22.77万,4.2
马自达,马自达6 2011款 2.0L豪华,2011年3月,4.50万公里,国4,20.60万,7.1
马自达,马自达6 2008款 2.0L 手自一体豪华型,2009年11月,17.69万公里,国3 ,20.60万,6.9
马自达,马自达6 2008款 2.0L 手自一体豪华型,2009年8月,5.16万公里,国3 ,20.60万,4.88
马自达,马自达5 2011款 2.0L 自动 豪华型,2010年7月,6.00万公里,国4,20.82万,9.8
马自达,马自达6 2007款 2.0L 手自一体豪华型,2007年1月,6.50万公里,国4,20.60万,4.6
马自达,马自达6 2008款 2.0L 手自一体时尚型,2007年11月,6.20万公里,国3 ,19.52万,4.98
马自达,睿翼 2009款 2.0L 手自一体,2009年5月,5.30万公里,国4,22.12万,7.58
马自达,马自达6 2008款 轿跑 2.0L 运动型,2008年3月,6.30万公里,国3,21.04万,4.8
马自达,马自达6 2010款 2.0L 手自一体超豪华型,2010年3月,5.00万公里,--,21.69万,5.5
马自达,马自达6 2010款 2.0L 手自一体豪华型,2010年2月,5.10万公里,--,20.60万,6.58
马自达,马自达6 2011款 2.0L时尚,2010年11月,5.00万公里,国4,19.52万,5.98
马自达,马自达6 2008款 轿跑 2.0L 运动型,2008年10月,6.20万公里,国3,21.04万,5
马自达,马自达6 2008款 轿跑 2.0L 豪华型,2008年9月,6.70万公里,国3,22.77万,4.78
马自达,马自达6 2010款 2.0L 手自一体豪华型,2010年7月,5.30万公里,--,20.60万,5.5
马自达,马自达6 2007款 2.0L 手自一体豪华型,2007年10月,7.38万公里,国4,20.60万,4.28
马自达,马自达6 2007款 2.0L 手自一体豪华型,2007年6月,7.36万公里,国4,20.60万,4.18
马自达,马自达6 2008款 轿跑 2.0L 豪华型,2008年7月,6.60万公里,国3,22.77万,4.8
马自达,马自达6 2008款 2.0L 手自一体超豪华型,2009年2月,6.50万公里,国3,21.69万,5
马自达,马自达6 2007款 2.0L 手自一体豪华型,2007年10月,7.60万公里,国4,20.60万,4.38
马自达,马自达6 2008款 2.0L 手自一体超豪华型,2009年3月,6.60万公里,国3,21.69万,5.1
马自达,马自达6 2008款 轿跑 2.0L 运动型,2009年3月,6.60万公里,国3,21.04万,5.7
马自达,马自达6 2011款 2.0L超豪华,2011年6月,4.90万公里,国4,21.69万,7.4
马自达,马自达6 2007款 轿跑 2.0L 手自一体豪华型,2007年7月,8.03万公里,国4,22.77万,4.58
马自达,马自达6 2008款 轿跑 2.0L 运动型,2008年5月,7.40万公里,国3,21.04万,5.25
马自达,马自达6 2013款 2.0L 手动型,2013年11月,3.00万公里,国5,14.09万,7.81
马自达,马自达6 2010款 2.0L 手自一体超豪华型,2009年12月,6.30万公里,--,21.69万,6.38
马自达,马自达6 2008款 2.0L 手自一体时尚型,2009年2月,7.00万公里,国3 ,19.52万,5.7
马自达,马自达6 2008款 2.0L 手自一体时尚型,2009年10月,6.50万公里,国3 ,19.52万,4.85
马自达,马自达6 2008款 2.0L 手自一体豪华型,2008年4月,7.80万公里,国3 ,20.60万,5
马自达,马自达6 2008款 轿跑 2.0L 运动型,2008年8月,7.68万公里,国3,21.04万,5.28
马自达,马自达6 2008款 轿跑 2.0L 豪华型,2008年12月,7.50万公里,国3,22.77万,5.35
马自达,马自达6 2006款 2.0L 手自一体豪华型,2006年8月,9.50万公里,--,20.60万,3.8
马自达,马自达6 2008款 轿跑 2.0L 豪华型,2008年8月,7.80万公里,国3,22.77万,4.98
马自达,马自达6 2006款 2.0L 手自一体豪华型,2006年9月,9.50万公里,--,20.60万,3.98
马自达,马自达6 2008款 2.0L 手自一体超豪华型,2009年9月,7.00万公里,国3,21.69万,5.3
马自达,马自达6 2007款 轿跑 2.0L 手自一体豪华型,2007年11月,8.60万公里,国4,22.77万,4.8
马自达,睿翼 2010款 2.0L 豪华版,2010年3月,13.97万公里,国4,21.14万,7
马自达,马自达6 2013款 2.0L 时尚型,2013年11月,6.80万公里,国5,16.04万,7.8
马自达,马自达6 2007款 2.0L 手自一体超豪华型,2008年5月,10.20万公里,国4,21.69万,4.5
马自达,马自达6 2008款 2.0L 手自一体时尚型,2009年11月,9.00万公里,国3 ,19.52万,4.7
马自达,睿翼 2012款 2.0L 手自一体 豪华版,2012年2月,6.70万公里,国4,18.76万,9.8
马自达,马自达6 2008款 2.0L 手自一体豪华型,2009年3月,10.50万公里,国3 ,20.60万,6.1
马自达,马自达6 2011款 2.0L豪华,2011年1月,9.00万公里,国4,20.60万,6.58
马自达,马自达CX-5 2015款 2.0L 自动 两驱 都市型,2016年11月,1.20万公里,国5,20.71万,17.5
马自达,马自达6 2008款 轿跑 2.0L 豪华型,2008年8月,6.70万公里,国3,22.77万,4.78
马自达,马自达6 2010款 2.0L 手自一体豪华型,2010年8月,5.30万公里,--,20.60万,5.98
马自达,马自达6 2008款 轿跑 2.0L 豪华型,2008年10月,6.80万公里,国3,22.77万,4.8
马自达,马自达3 昂克赛拉 2014款 三厢 2.0L 自动 旗舰型,2014年12月,4.60万公里,国5,17.36万,11.36
马自达,阿特兹 2015款 2.0L 蓝天豪华版,2015年2月,4.20万公里,国5,20.49万,14.28
马自达,马自达6 2007款 2.0L 手自一体超豪华型,2008年10月,7.00万公里,国4,21.69万,4.9
马自达,马自达6 2013款 2.0L 超豪华型,2014年3月,2.87万公里,国5,17.35万,7.98
马自达,马自达6 2007款 轿跑 2.0L 手自一体豪华型,2007年4月,7.60万公里,国4,22.77万,4.38
马自达,马自达3 2007款 2.0L 手动标准型,2007年4月,18.10万公里,国4,14.63万,2.7
马自达,马自达6 2006款 2.0L 手自一体豪华型,2006年10月,9.69万公里,--,20.60万,3.5
马自达,马自达6 2006款 2.0L 手自一体豪华型,2006年10月,9.80万公里,--,20.60万,3.56
马自达,马自达5 2007款 2.0L 自动舒适型,2009年4月,8.10万公里,国4,18.43万,6.98
马自达,马自达6 2015款 2.0L 豪华型,2016年1月,3.00万公里,国5,16.59万,10.8
马自达,马自达6 2007款 2.0L 标准型,2006年7月,11.00万公里,--,暂无,3.5
马自达,马自达6 2008款 2.0L 手自一体时尚型,2009年1月,8.66万公里,国3 ,19.52万,6
马自达,马自达6 2010款 2.0L 手自一体超豪华型,2010年1月,8.00万公里,--,21.69万,4.98
马自达,马自达6 2007款 2.0L 手自一体豪华型,2008年2月,10.50万公里,国4,20.60万,3.9
马自达,马自达CX-5 2013款 2.0L 手动 两驱 舒适型,2014年4月,7.00万公里,国5,18.43万,10.98
马自达,马自达CX-5 2013款 2.0L 手动 两驱 舒适型,2014年4月,7.00万公里,国5,18.43万,10.98
马自达,阿特兹 2015款 2.0L 蓝天时尚版,2015年12月,2.18万公里,国5,19.52万,13.28
马自达,马自达6 2011款 2.0L豪华,2011年7月,8.20万公里,国4,20.60万,7.28
马自达,马自达CX-4 2016款 2.0L 自动 两驱 蓝天品位版,2016年5月,1.88万公里,国5,18.43万,13.58
马自达,马自达5 2013款 2.0L 自动 豪华型,2015年2月,5.60万公里,国4,21.04万,13
马自达,马自达3 昂克赛拉 2016款 两厢 2.0L 自动 旗舰型,2016年8月,2.81万公里,国5,17.36万,13.58
马自达,马自达3 2007款 2.0L 手动豪华型,2007年11月,18.00万公里,国4,16.80万,3.4
起亚,起亚K5 2015款 2.0L 自动 LUX,2015年8月,4.81万公里,国5,20.49万,11.38
起亚,狮跑 2009款 2.0L GLS 4*2 MT,2009年1月,19.40万公里,国4,18.87万,4.5
起亚,智跑 2016款 2.0L 自动 两驱 DLX,2015年4月,1.13万公里,国5,19.30万,13.88
起亚,起亚K5 2014款 2.0L 自动 GLS,2014年7月,4.30万公里,国4,19.41万,12.48
起亚,起亚K5 2012款 2.0L 自动 DLX,2012年2月,5.00万公里,国4,20.49万,9.88
起亚,智跑 2012款 2.0L 自动 两驱 GLS,2013年4月,3.15万公里,国4,20.93万,10.5
起亚,智跑 2014款 2.0L 自动 两驱 GLS,2014年7月,2.90万公里,国5,20.93万,11
起亚,智跑 2012款 2.0L 自动 两驱 GLS,2013年2月,4.84万公里,国4,20.93万,10.5
起亚,智跑 2012款 2.0L 自动 两驱 GLS,2013年2月,4.84万公里,国4,20.93万,9.8
起亚,起亚K5 2012款 2.0L 自动 DLX,2012年7月,6.19万公里,国4,20.49万,11
起亚,起亚K5 2014款 2.0L 自动 LUX,2014年5月,4.41万公里,国4,20.49万,10.9
起亚,起亚K5 2014款 2.0L 自动 LUX,2014年5月,4.41万公里,国4,20.49万,10.9
起亚,狮跑 2007款 2.0L GLS特别版自动 两驱,2008年8月,7.80万公里,国4,19.95万,5.1
起亚,起亚K5 2012款 2.0L 自动 DLX,2013年1月,9.10万公里,国4,20.49万,8
起亚,狮跑 2009款 2.0L GLS 4*2 MT,2009年1月,19.40万公里,国4,18.87万,4.5
起亚,起亚K5 2012款 2.0L 自动 GL,2012年10月,6.00万公里,国4,18.21万,9.6
起亚,智跑 2012款 2.0L 自动 两驱 GLS,2012年2月,7.30万公里,国4,20.93万,9.7
起亚,智跑 2016款 2.0L 自动 两驱 GLS,2017年3月,0.08万公里,国5,18.76万,15.5
起亚,起亚K5 2012款 2.0L 自动 GLS,2014年1月,5.80万公里,国4,19.41万,10.25
起亚,狮跑(进口) 2007款 2.0L(两驱型),2008年8月,22.00万公里,国4,24.08万,5
起亚,狮跑 2009款 2.0L GLS 4*2 AT,2009年12月,10.58万公里,国4,19.95万,5.15
起亚,狮跑 2009款 2.0L GLS 4*2 AT,2009年12月,10.58万公里,国4,19.95万,5.15
起亚,智跑 2015款 2.0L 自动 两驱 DLX,2015年11月,2.54万公里,国5,19.30万,13
起亚,智跑 2015款 2.0L 自动 两驱 DLX,2015年11月,2.54万公里,国5,19.30万,13
起亚,智跑 2012款 2.0L 自动 两驱 GLS,2012年12月,7.50万公里,国4,20.93万,10.5
起亚,狮跑 2013款 2.0L 手动 两驱 GLS,2013年10月,7.06万公里,国4,13.44万,8.3
起亚,狮跑 2013款 2.0L 手动 两驱 GLS,2013年10月,7.06万公里,国4,13.44万,7.9
起亚,起亚K5 2015款 2.0L 自动 GL,2014年7月,8.90万公里,国5,18.21万,9.78
奇瑞,瑞虎 2005款 2.0L 两驱 手动精英型,2006年9月,16.00万公里,国2,10.83万,1.85
奇瑞,东方之子 2012款 2.0L 自动 尊雅版,2012年6月,12.00万公里,国4,14.74万,4.98
日产,奇骏 2014款 2.0L CVT 舒适版 两驱,2016年6月,0.95万公里,国4,21.36万,16.8
日产,奇骏 2014款 2.0L CVT 舒适版 两驱,2016年8月,2.70万公里,国4,21.36万,16.6
日产,天籁 2012款 2.0L XL 智享版,2012年1月,6.00万公里,国4,23.86万,10.68
日产,天籁 2011款 2.0L XL 舒适版,2012年1月,4.00万公里,国4,21.69万,10.1
日产,天籁 2011款 2.0L XL 舒适版,2012年1月,4.00万公里,国4,21.69万,10.1
日产,天籁 2010款 2.0L XL 周年纪念版,2010年3月,8.00万公里,国4,23.32万,8.99
日产,奇骏 2017款 2.0L CVT 舒适版 两驱,2016年8月,2.00万公里,国5,21.36万,16.6
日产,天籁 2010款 2.0L XL 周年纪念版,2010年8月,7.00万公里,国4,23.32万,8.98
日产,逍客 2017款 2.0L CVT 精英版,2017年2月,2.00万公里,国5,16.69万,13.7
日产,天籁 2012款 2.0L XL 智享版,2012年9月,7.00万公里,国4,23.86万,10.8
日产,奇骏 2015款 2.0L CVT 舒适MAX版 两驱,2015年2月,4.30万公里,国4,22.01万,15.8
日产,奇骏 2014款 2.0L CVT 舒适版 两驱,2014年11月,6.00万公里,国4,21.36万,15
日产,奇骏 2014款 2.0L CVT 舒适版 两驱,2014年11月,6.00万公里,国4,21.36万,15
荣威,荣威950 2012款 2.0L 自动 舒适版,2013年6月,7.00万公里,国4,18.32万,8.5
三菱,劲炫ASX 2013款 2.0L CVT 四驱尊贵版,2013年9月,8.00万公里,国5,18.43万,9.48
三菱,翼神 2011款 2.0L 手动 致炫版 豪华型,2012年2月,9.80万公里,国4,16.15万,7.18
三菱,劲炫ASX 2013款 2.0L 手动 两驱舒适版,2013年11月,4.16万公里,国5,14.09万,7.7
三菱,欧蓝德（进口） 2012款 EX劲界 2.0L 自动 运动导航版,2013年3月,7.00万公里,国4,27.03万,12.3
三菱,翼神 2011款 2.0L 手动 致炫版 豪华型,2012年2月,9.80万公里,国4,16.15万,7.18
斯巴鲁,斯巴鲁XV 2012款 2.0L 自动 精英版,2012年11月,9.60万公里,国5,23.86万,12.78
斯巴鲁,斯巴鲁XV 2012款 2.0L 自动 精英版,2013年4月,5.60万公里,国5,23.86万,14.98
斯巴鲁,斯巴鲁XV 2012款 2.0L 自动 精英版,2012年8月,9.30万公里,国5,23.86万,12.8
斯巴鲁,斯巴鲁XV 2012款 2.0L 自动 精英版,2012年7月,9.20万公里,国5,23.86万,12.8
双龙,柯兰多 2014款 2.0L 手自一体 两驱 精英导航版 汽油,2014年1月,5.10万公里,国5,17.78万,9.98
沃尔沃,长安沃尔沃S40 2009款 2.0L 手自一体智雅版,2010年1月,5.40万公里,国4,31.26万,8.5
沃尔沃,长安沃尔沃S40 2012款 2.0L 自动 尊享版,2012年5月,9.00万公里,国4,23.77万,11
现代,现代ix35 2013款 2.0L GLS 自动 两驱 智能型 国V,2015年2月,1.83万公里,国5,21.36万,12.2
现代,酷派 2006款 2.0L AT,2006年4月,15.00万公里,国4,19.95万,3.88
现代,酷派 2006款 2.0L AT,2007年8月,7.70万公里,国4,19.95万,4.5
现代,酷派 2006款 2.0L AT,2007年6月,5.30万公里,国4,19.95万,4.88
现代,酷派 2006款 2.0L AT,2007年6月,7.80万公里,国4,19.95万,4.98
现代,酷派 2006款 2.0L AT,2008年3月,8.90万公里,国4,19.95万,5.25
现代,现代ix35 2012款 2.0L  自动 两驱 精英版 GLS,2013年10月,6.60万公里,国4,21.25万,12.2
现代,索纳塔 2013款 2.0L 自动 GLX 豪华版,2014年2月,4.30万公里,国4,20.61万,10.48
现代,现代ix35 2012款 2.0L  自动 两驱 精英版 GLS,2013年1月,1.08万公里,国4,21.25万,12
现代,酷派 2006款 2.0L AT,2007年5月,6.70万公里,国4,19.95万,5.38
现代,现代ix35 2013款 2.0L GLS 自动 两驱 智能型 国IV,2014年10月,2.07万公里,国4 ,21.36万,11.5
现代,酷派 2006款 2.0L AT,2007年8月,7.69万公里,国4,19.95万,4.58
现代,现代ix35 2013款 2.0L GLS 自动 两驱 智能型 国IV,2014年10月,2.07万公里,国4 ,21.36万,11
现代,酷派 2006款 2.0L AT,2007年5月,8.26万公里,国4,19.95万,4.5
现代,酷派 2006款 2.0L AT,2006年1月,12.00万公里,国4,19.95万,3.88
现代,酷派 2006款 2.0L AT,2007年11月,7.60万公里,国4,19.95万,4.5
现代,索纳塔 2014款 2.0L 自动 GLS 领先版,2014年1月,4.30万公里,国4,19.74万,9.58
现代,索纳塔 2013款 2.0L 自动 GLS 领先版,2013年8月,5.00万公里,国4,19.53万,8.98
现代,酷派 2006款 2.0L AT,2007年3月,7.50万公里,国4,19.95万,4.8
现代,酷派 2006款 2.0L AT,2006年12月,7.80万公里,国4,19.95万,4.49
现代,酷派 2006款 2.0L AT,2007年6月,7.69万公里,国4,19.95万,4.5
现代,酷派 2006款 2.0L AT,2007年8月,7.70万公里,国4,19.95万,4.5
现代,酷派 2006款 2.0L AT,2008年1月,7.60万公里,国4,19.95万,5.33
现代,索纳塔 2015款 2.0L 自动 GLS 智能型,2015年6月,2.00万公里,国5,18.97万,13.5
现代,索纳塔 2013款 2.0L 自动 GLX 豪华版,2013年6月,4.06万公里,国4,20.61万,11
现代,现代ix35 2013款 2.0L GL 自动 四驱 舒适型 国V,2014年5月,3.68万公里,国5,21.69万,12
现代,现代ix35 2013款 2.0L GLS 自动 两驱 智能型 国V,2015年1月,3.10万公里,国5,21.36万,12.58
现代,途胜 2009款 2.0L 自动 两驱 舒适天窗版,2010年11月,9.00万公里,国4,19.95万,6.66
现代,途胜 2009款 2.0L 手动 四驱 豪华版,2010年11月,9.00万公里,国4,21.25万,6.88
现代,现代ix35 2013款 2.0L GLS 自动 两驱 智能型 国V,2015年2月,1.83万公里,国5,21.36万,12.2
现代,现代ix25 2015款 2.0L GLS 自动智能型,2015年12月,8.33万公里,国5,18.11万,10.3
现代,现代ix25 2015款 2.0L GLS 自动智能型,2015年12月,8.33万公里,国5,18.11万,10.3
现代,途胜 2009款 2.0L 自动 两驱 舒适天窗版,2012年4月,6.10万公里,国4,19.95万,6.2
现代,现代ix35 2013款 2.0L GLX 自动 两驱 领先型 国V,2014年4月,6.70万公里,国5,22.88万,9.8
雪佛兰,迈锐宝 2014款 2.0L 手自一体 豪华版,2014年12月,4.67万公里,国5,20.29万,9.8
雪佛兰,迈锐宝 2012款 2.0L 手自一体 豪华版,2012年8月,2.60万公里,国4,19.53万,8.98
雪佛兰,景程 2005款 2.0L SX自动豪华版,2007年2月,10.80万公里,国3,18.88万,1.5
雪佛兰,迈锐宝 2013款 2.0L 手自一体 豪华版,2013年3月,5.28万公里,国4,19.74万,9.7
雪佛兰,迈锐宝 2013款 2.0L 手自一体 豪华版,2013年4月,4.98万公里,国4,19.74万,9.1
雪佛兰,迈锐宝 2013款 2.0L 手自一体 豪华版,2013年4月,4.98万公里,国4,19.74万,9.1
雪佛兰,迈锐宝 2013款 2.0L 手自一体 豪华版,2013年3月,5.28万公里,国4,19.74万,10
雪佛兰,迈锐宝 2012款 2.0L 手自一体 舒适版,2013年3月,6.70万公里,国4,18.44万,9.2
雪佛兰,迈锐宝 2013款 2.0L 手自一体 豪华版,2013年5月,5.90万公里,国4,19.74万,9.8
雪佛兰,迈锐宝 2014款 2.0L 手自一体 舒适版,2016年1月,2.20万公里,国5,18.44万,10.5
雪佛兰,迈锐宝 2013款 2.0L 手自一体 豪华版,2013年7月,4.50万公里,国4,19.74万,9.1
雪佛兰,迈锐宝 2012款 2.0L 手自一体 豪华版,2013年4月,5.60万公里,国4,19.53万,9.68
雪佛兰,迈锐宝 2013款 2.0L 手自一体 豪华版,2014年1月,4.90万公里,国4,19.74万,10.88
雪佛兰,迈锐宝 2014款 2.0L 手自一体 舒适版,2016年1月,3.00万公里,国5,18.44万,12.1
雪佛兰,迈锐宝 2014款 2.0L 手自一体 豪华版,2014年10月,6.00万公里,国5,20.29万,10.59
雪佛兰,景程 2005款 2.0L SE自动舒适版,2005年2月,15.00万公里,国3,16.49万,1.5
雪佛兰,迈锐宝 2014款 2.0L 手自一体 豪华版,2015年9月,2.48万公里,国5,20.29万,11
雪佛兰,迈锐宝 2016款 2.0L 手自一体 豪华版,2016年1月,2.10万公里,国5,19.53万,12.98
雪佛兰,迈锐宝 2013款 2.0L 手自一体 豪华版,2013年6月,7.20万公里,国4,19.74万,9.5
雪佛兰,迈锐宝 2014款 2.0L 手自一体 舒适版,2016年5月,2.53万公里,国5,18.44万,11.58
雪佛兰,迈锐宝 2016款 2.0L 手自一体 豪华版,2017年2月,1.61万公里,国5,19.53万,15
雪佛兰,迈锐宝 2014款 2.0L 手自一体 豪华版,2017年6月,1.51万公里,国5,20.29万,12.78
雪铁龙,世嘉 2013款 三厢 2.0L 自动 品悦型,2013年3月,3.43万公里,国4,13.76万,5.5
雪铁龙,世嘉 2012款 三厢 2.0L 手动 品悦型,2012年9月,7.90万公里,国4,12.68万,5.2
雪铁龙,世嘉 2008款 2.0L自动挡 豪华型,2009年7月,3.60万公里,国3,16.48万,3.2
雪铁龙,雪铁龙C5 2010款 2.0L 舒适型手动,2011年10月,7.00万公里,国4,19.20万,7.5
雪铁龙,雪铁龙C5 2012款 2.0L 自动 尊享型,2012年4月,8.00万公里,国4,20.61万,8.58
雪铁龙,世嘉 2008款 2.0L自动挡 豪华型,2009年7月,3.60万公里,国3,16.48万,3.1
雪铁龙,雪铁龙C5 2013款 2.0L 自动 尊享型,2013年1月,8.90万公里,国4 ,20.61万,8.48
